"crbd","bisse","ddd","pld","total","timemin","unit","best_epoch","epoch"
0.715481171548117,0.470588235294118,0.56530612244898,0.477227722772277,0.554,28.9206454674403,"mins",13,19
