"crbd","bisse","ddd","pld","total","timemin","best_epoch","epoch","unit"
0.543933054393305,0.666034155597723,0.736734693877551,0.251485148514851,0.5495,2.31134456641144,9,15,"hours"
