"crbd","bisse","ddd","pld","total","timemin","units","best_epoch","epoch"
0.343096234309623,0.675521821631879,0.502040816326531,0.542574257425743,0.52,35.8947188337644,"mins",45,56
