"crbd","bisse","ddd","pld","total","timemin","units","best_epoch","epoch"
0.209205020920502,0.804554079696395,0.404081632653061,0.635643564356436,0.5215,20.8741939663887,"mins",30,41
