"crbd","bisse","ddd","pld","total","timemin","unit","best_epoch","epoch"
0.608786610878661,0.294117647058824,0.585714285714286,0.407920792079208,0.4695,13.254373049736,"mins",30,41
