"crbd","bisse","ddd","pld","total","timemin","unit","best_epoch","epoch"
0.610878661087866,0.282732447817837,0.608163265306122,0.4,0.4705,13.254373049736,"mins",30,41
