"crbd","bisse","ddd","pld","total","timemin","unit","best_epoch","epoch"
0.518828451882845,0.392789373814042,0.648979591836735,0.306930693069307,0.464,13.254373049736,"mins",22,33
