"crbd","bisse","ddd","pld","total","timemin","unit","best_epoch","epoch"
0.345188284518828,0.626185958254269,0.479591836734694,0.552475247524753,0.5045,1.58387429502275,"hours",46,57
