"lambda0","mu","K","beta"
0.277376486600195,0.300494344169173,0.278533182948918,0.929478597654145
