"lambda0","mu","K","beta"
0.238406622917887,0.229784971494983,0.266907472033141,0.868785495908077
