"lambda0","mu","beta_n","beta_p"
1.14452825208589,1.30899605526531,8.63431067699018,89.0969688801383
