"lambda0","mu","beta_n","beta_p"
0.284675786601891,0.40656828701168,-1.1926302167671,-77.7432710915891
