"","lambda0","mu","Beta_N"
"mse_cnn",0.780338754623199,1.21940411052974,65.1679213920459
"mse_cnnltt",0.79552605097796,1.20349866674835,63.1234220975786
